V1, V2, V3
3135, 19504, 19488
3135, 3151, 19504
3151, 19520, 19504
3151, 3167, 19520
3167, 19536, 19520
3167, 3183, 19536
3183, 19552, 19536
3183, 3199, 19552
3199, 19568, 19552
3199, 3215, 19568
3215, 19584, 19568
3215, 3231, 19584
3231, 19600, 19584
3231, 3247, 19600
3247, 19616, 19600
3247, 3263, 19616
3263, 19632, 19616
3263, 3279, 19632
3279, 19648, 19632
3279, 3295, 19648
3295, 19664, 19648
3295, 3311, 19664
3311, 19680, 19664
3311, 3327, 19680
3327, 19696, 19680
3327, 3343, 19696
3343, 19712, 19696
3343, 3359, 19712
3359, 19728, 19712
3359, 3375, 19728
3375, 19744, 19728
3375, 3391, 19744
3391, 19760, 19744
3391, 3407, 19760
3407, 19776, 19760
3407, 3423, 19776
3423, 19792, 19776
3423, 3439, 19792
3439, 19808, 19792
3439, 3455, 19808
3455, 19824, 19808
3455, 3471, 19824
3471, 19840, 19824
3471, 3487, 19840
3487, 19856, 19840
3487, 3503, 19856
3503, 19872, 19856
3503, 3519, 19872
3519, 19888, 19872
3519, 3535, 19888
3535, 19904, 19888
3535, 3551, 19904
3551, 19920, 19904
3551, 3567, 19920
3567, 19936, 19920
3567, 3583, 19936
3583, 19952, 19936
3583, 3599, 19952
3599, 19968, 19952
3599, 3615, 19968
3615, 19984, 19968
3615, 3631, 19984
3631, 20000, 19984
3631, 3647, 20000
3647, 20016, 20000
3647, 3663, 20016
3663, 20032, 20016
3663, 3679, 20032
3679, 20048, 20032
3679, 3695, 20048
3695, 20064, 20048
3695, 3711, 20064
3711, 20080, 20064
3711, 3727, 20080
3727, 20096, 20080
3727, 3743, 20096
3743, 20112, 20096
3743, 3759, 20112
3759, 20128, 20112
3759, 3775, 20128
3775, 20144, 20128
3775, 3791, 20144
3791, 20160, 20144
3791, 3807, 20160
3807, 20176, 20160
3807, 3823, 20176
3823, 20192, 20176
3823, 3839, 20192
3839, 20208, 20192
3839, 3855, 20208
3855, 20224, 20208
3855, 3871, 20224
3871, 20240, 20224
3871, 3887, 20240
3887, 20256, 20240
3887, 3903, 20256
3903, 20272, 20256
3903, 3919, 20272
3919, 20288, 20272
3919, 3935, 20288
3935, 20304, 20288
3935, 3951, 20304
3951, 20320, 20304
3951, 3967, 20320
3967, 20336, 20320
3967, 3983, 20336
3983, 20352, 20336
3983, 3999, 20352
3999, 20368, 20352
3999, 4015, 20368
4015, 20384, 20368
4015, 4031, 20384
4031, 20400, 20384
4031, 4047, 20400
4047, 20416, 20400
4047, 4063, 20416
4063, 20432, 20416
4063, 4079, 20432
4079, 20448, 20432
4079, 4095, 20448
4095, 20464, 20448
4095, 4111, 20464
4111, 20480, 20464
4111, 4127, 20480
4127, 20496, 20480
4127, 4143, 20496
4143, 20512, 20496
4143, 4159, 20512
4159, 20528, 20512
4159, 4175, 20528
4175, 20544, 20528
4175, 4191, 20544
4191, 20560, 20544
4191, 4207, 20560
4207, 20576, 20560
4207, 4223, 20576
4223, 20592, 20576
4223, 4239, 20592
4239, 20608, 20592
4239, 4255, 20608
4255, 20624, 20608
4255, 4271, 20624
4271, 20640, 20624
4271, 4287, 20640
4287, 20656, 20640
4287, 4303, 20656
4303, 20672, 20656
4303, 4319, 20672
4319, 20688, 20672
4319, 4335, 20688
4335, 20704, 20688
4335, 4351, 20704
4351, 20720, 20704
4351, 4367, 20720
4367, 20736, 20720
4367, 4383, 20736
4383, 20752, 20736
4383, 4399, 20752
4399, 20768, 20752
4399, 4415, 20768
4415, 20784, 20768
4415, 4431, 20784
4431, 20800, 20784
4431, 4447, 20800
4447, 20816, 20800
4447, 4463, 20816
4463, 20832, 20816
4463, 4479, 20832
4479, 20848, 20832
4479, 4495, 20848
4495, 20864, 20848
4495, 4511, 20864
4511, 20880, 20864
4511, 4527, 20880
4527, 20896, 20880
4527, 4543, 20896
4543, 20912, 20896
4543, 4559, 20912
4559, 20928, 20912
4559, 4575, 20928
4575, 20944, 20928
4575, 4591, 20944
4591, 20960, 20944
4591, 4607, 20960
4607, 20976, 20960
4607, 4623, 20976
4623, 20992, 20976
4623, 4639, 20992
4639, 21008, 20992
4639, 4655, 21008
4655, 21024, 21008
4655, 4671, 21024
4671, 21040, 21024
4671, 4687, 21040
4687, 21056, 21040
4687, 4703, 21056
4703, 21072, 21056
4703, 4719, 21072
4719, 21088, 21072
4719, 4735, 21088
4735, 21104, 21088
4735, 4751, 21104
4751, 21120, 21104
4751, 4767, 21120
4767, 21136, 21120
4767, 4783, 21136
4783, 21152, 21136
4783, 4799, 21152
4799, 21168, 21152
4799, 4815, 21168
4815, 21184, 21168
4815, 4831, 21184
4831, 21200, 21184
4831, 4847, 21200
4847, 21216, 21200
4847, 4863, 21216
4863, 21232, 21216
4863, 4879, 21232
4879, 21248, 21232
4879, 4895, 21248
4895, 21264, 21248
4895, 4911, 21264
4911, 21280, 21264
4911, 4927, 21280
4927, 21296, 21280
4927, 4943, 21296
4943, 21312, 21296
4943, 4959, 21312
4959, 21328, 21312
4959, 4975, 21328
4975, 21344, 21328
4975, 4991, 21344
4991, 21360, 21344
4991, 5007, 21360
29599, 29583, 13168
29583, 29567, 13168
13168, 29551, 29567
13168, 13152, 29551
13152, 29535, 29551
13152, 13136, 29535
13136, 29519, 29535
13136, 13120, 29519
13120, 29503, 29519
13120, 13104, 29503
13104, 29487, 29503
13104, 13088, 29487
13088, 29471, 29487
13088, 13072, 29471
13072, 29455, 29471
13072, 13056, 29455
13056, 29439, 29455
13056, 13040, 29439
13040, 29423, 29439
13040, 13024, 29423
13024, 29407, 29423
13024, 13008, 29407
13008, 29391, 29407
13008, 12992, 29391
12992, 29375, 29391
12992, 12976, 29375
12976, 29359, 29375
12976, 12960, 29359
12960, 29343, 29359
12960, 12944, 29343
12944, 29327, 29343
12944, 12928, 29327
12928, 29311, 29327
12928, 12912, 29311
12912, 29295, 29311
12912, 12896, 29295
12896, 29279, 29295
12896, 12880, 29279
12880, 29263, 29279
12880, 12864, 29263
12864, 29247, 29263
12864, 12848, 29247
12848, 29231, 29247
12848, 12832, 29231
12832, 29215, 29231
12832, 12816, 29215
12816, 29199, 29215
12816, 12800, 29199
12800, 29183, 29199
12800, 12784, 29183
12784, 29167, 29183
12784, 12768, 29167
12768, 29151, 29167
12768, 12752, 29151
12752, 29135, 29151
12752, 12736, 29135
12736, 29119, 29135
12736, 12720, 29119
12720, 29103, 29119
12720, 12704, 29103
12704, 29087, 29103
12704, 12688, 29087
12688, 29071, 29087
12688, 12672, 29071
12672, 29055, 29071
12672, 12656, 29055
12656, 29039, 29055
12656, 12640, 29039
12640, 29023, 29039
12640, 12624, 29023
12624, 29007, 29023
12624, 12608, 29007
12608, 28991, 29007
12608, 12592, 28991
12592, 28975, 28991
12592, 12576, 28975
12576, 28959, 28975
12576, 12560, 28959
12560, 28943, 28959
12560, 12544, 28943
12544, 28927, 28943
12544, 12528, 28927
12528, 28911, 28927
12528, 12512, 28911
12512, 28895, 28911
12512, 12496, 28895
12496, 28879, 28895
12496, 12480, 28879
12480, 28863, 28879
12480, 12464, 28863
12464, 28847, 28863
12464, 12448, 28847
12448, 28831, 28847
12448, 12432, 28831
12432, 28815, 28831
12432, 12416, 28815
12416, 28799, 28815
12416, 12400, 28799
12400, 28783, 28799
12400, 12384, 28783
12384, 28767, 28783
12384, 12368, 28767
12368, 28751, 28767
12368, 12352, 28751
12352, 28735, 28751
12352, 12336, 28735
12336, 28719, 28735
12336, 12320, 28719
12320, 28703, 28719
12320, 12304, 28703
12304, 28687, 28703
12304, 12288, 28687
12288, 28671, 28687
12288, 12272, 28671
12272, 28655, 28671
12272, 12256, 28655
12256, 28639, 28655
12256, 12240, 28639
12240, 28623, 28639
12240, 12224, 28623
12224, 28607, 28623
12224, 12208, 28607
12208, 28591, 28607
12208, 12192, 28591
12192, 28575, 28591
12192, 12176, 28575
12176, 28559, 28575
12176, 12160, 28559
12160, 28543, 28559
12160, 12144, 28543
12144, 28527, 28543
12144, 12128, 28527
12128, 28511, 28527
12128, 12112, 28511
12112, 28495, 28511
12112, 12096, 28495
12096, 28479, 28495
12096, 12080, 28479
12080, 28463, 28479
12080, 12064, 28463
12064, 28447, 28463
12064, 12048, 28447
12048, 28431, 28447
12048, 12032, 28431
12032, 28415, 28431
12032, 12016, 28415
12016, 28399, 28415
12016, 12000, 28399
12000, 28383, 28399
12000, 11984, 28383
11984, 28367, 28383
11984, 11968, 28367
11968, 28351, 28367
11968, 11952, 28351
11952, 28335, 28351
11952, 11936, 28335
11936, 28319, 28335
11936, 11920, 28319
11920, 28303, 28319
11920, 11904, 28303
11904, 28287, 28303
11904, 11888, 28287
11888, 28271, 28287
11888, 11872, 28271
11872, 28255, 28271
11872, 11856, 28255
11856, 28239, 28255
11856, 11840, 28239
11840, 28223, 28239
11840, 11824, 28223
11824, 28207, 28223
11824, 11808, 28207
11808, 28191, 28207
11808, 11792, 28191
11792, 28175, 28191
11792, 11776, 28175
11776, 28159, 28175
11776, 11760, 28159
11760, 28143, 28159
11760, 11744, 28143
11744, 28127, 28143
11744, 11728, 28127
11728, 28111, 28127
11728, 11712, 28111
11712, 28095, 28111
11712, 11696, 28095
11696, 28079, 28095
11696, 11680, 28079
11680, 28063, 28079
11680, 11664, 28063
11664, 28047, 28063
11664, 11648, 28047
11648, 28031, 28047
11648, 11632, 28031
11632, 28015, 28031
11632, 11616, 28015
11616, 27999, 28015
11616, 11600, 27999
11600, 27983, 27999
11600, 11584, 27983
11584, 27967, 27983
11584, 11568, 27967
11568, 27951, 27967
11568, 11552, 27951
11552, 27935, 27951
11552, 11536, 27935
11536, 27919, 27935
11536, 11520, 27919
11520, 27903, 27919
11520, 11504, 27903
11504, 27887, 27903
11504, 11488, 27887
11488, 27871, 27887
11488, 11472, 27871
11472, 27855, 27871
11472, 11456, 27855
11456, 27839, 27855
11456, 11440, 27839
11440, 27823, 27839
11440, 11424, 27823
11424, 27807, 27823
11424, 11408, 27807
11408, 27791, 27807
11408, 11392, 27791
11392, 27775, 27791
11392, 11376, 27775
11376, 27759, 27775
11376, 11360, 27759
11360, 27743, 27759
11360, 11344, 27743
11344, 27727, 27743
11344, 11328, 27727
11328, 27711, 27727
11328, 11312, 27711
11312, 27695, 27711
11312, 11296, 27695
19519, 35888, 35872
19519, 19535, 35888
19535, 35904, 35888
19535, 19551, 35904
19551, 35920, 35904
19551, 19567, 35920
19567, 35936, 35920
19567, 19583, 35936
19583, 35952, 35936
19583, 19599, 35952
19599, 35968, 35952
19599, 19615, 35968
19615, 35984, 35968
19615, 19631, 35984
19631, 36000, 35984
19631, 19647, 36000
19647, 36016, 36000
19647, 19663, 36016
19663, 36032, 36016
19663, 19679, 36032
19679, 36048, 36032
19679, 19695, 36048
19695, 36064, 36048
19695, 19711, 36064
19711, 36080, 36064
19711, 19727, 36080
19727, 36096, 36080
19727, 19743, 36096
19743, 36112, 36096
19743, 19759, 36112
19759, 36128, 36112
19759, 19775, 36128
19775, 36144, 36128
19775, 19791, 36144
19791, 36160, 36144
19791, 19807, 36160
19807, 36176, 36160
19807, 19823, 36176
19823, 36192, 36176
19823, 19839, 36192
19839, 36208, 36192
19839, 19855, 36208
19855, 36224, 36208
19855, 19871, 36224
19871, 36240, 36224
19871, 19887, 36240
19887, 36256, 36240
19887, 19903, 36256
19903, 36272, 36256
19903, 19919, 36272
19919, 36288, 36272
19919, 19935, 36288
19935, 36304, 36288
19935, 19951, 36304
19951, 36320, 36304
19951, 19967, 36320
19967, 36336, 36320
19967, 19983, 36336
19983, 36352, 36336
19983, 19999, 36352
19999, 36368, 36352
19999, 20015, 36368
20015, 36384, 36368
20015, 20031, 36384
20031, 36400, 36384
20031, 20047, 36400
20047, 36416, 36400
20047, 20063, 36416
20063, 36432, 36416
20063, 20079, 36432
20079, 36448, 36432
20079, 20095, 36448
20095, 36464, 36448
20095, 20111, 36464
20111, 36480, 36464
20111, 20127, 36480
20127, 36496, 36480
20127, 20143, 36496
20143, 36512, 36496
20143, 20159, 36512
20159, 36528, 36512
20159, 20175, 36528
20175, 36544, 36528
20175, 20191, 36544
20191, 36560, 36544
20191, 20207, 36560
20207, 36576, 36560
20207, 20223, 36576
20223, 36592, 36576
20223, 20239, 36592
20239, 36608, 36592
20239, 20255, 36608
20255, 36624, 36608
20255, 20271, 36624
20271, 36640, 36624
20271, 20287, 36640
20287, 36656, 36640
20287, 20303, 36656
20303, 36672, 36656
20303, 20319, 36672
20319, 36688, 36672
20319, 20335, 36688
20335, 36704, 36688
20335, 20351, 36704
20351, 36720, 36704
20351, 20367, 36720
20367, 36736, 36720
20367, 20383, 36736
20383, 36752, 36736
20383, 20399, 36752
20399, 36768, 36752
20399, 20415, 36768
20415, 36784, 36768
20415, 20431, 36784
20431, 36800, 36784
20431, 20447, 36800
20447, 36816, 36800
20447, 20463, 36816
20463, 36832, 36816
20463, 20479, 36832
20479, 36848, 36832
20479, 20495, 36848
20495, 36864, 36848
20495, 20511, 36864
20511, 36880, 36864
20511, 20527, 36880
20527, 36896, 36880
20527, 20543, 36896
20543, 36912, 36896
20543, 20559, 36912
20559, 36928, 36912
20559, 20575, 36928
20575, 36944, 36928
20575, 20591, 36944
20591, 36960, 36944
20591, 20607, 36960
20607, 36976, 36960
20607, 20623, 36976
20623, 36992, 36976
20623, 20639, 36992
20639, 37008, 36992
20639, 20655, 37008
20655, 37024, 37008
20655, 20671, 37024
20671, 37040, 37024
20671, 20687, 37040
20687, 37056, 37040
20687, 20703, 37056
20703, 37072, 37056
20703, 20719, 37072
20719, 37088, 37072
20719, 20735, 37088
20735, 37104, 37088
20735, 20751, 37104
20751, 37120, 37104
20751, 20767, 37120
20767, 37136, 37120
20767, 20783, 37136
20783, 37152, 37136
20783, 20799, 37152
20799, 37168, 37152
20799, 20815, 37168
20815, 37184, 37168
20815, 20831, 37184
20831, 37200, 37184
20831, 20847, 37200
20847, 37216, 37200
20847, 20863, 37216
20863, 37232, 37216
20863, 20879, 37232
20879, 37248, 37232
20879, 20895, 37248
20895, 37264, 37248
20895, 20911, 37264
20911, 37280, 37264
20911, 20927, 37280
20927, 37296, 37280
20927, 20943, 37296
20943, 37312, 37296
20943, 20959, 37312
20959, 37328, 37312
20959, 20975, 37328
20975, 37344, 37328
20975, 20991, 37344
20991, 37360, 37344
20991, 21007, 37360
21007, 37376, 37360
21007, 21023, 37376
21023, 37392, 37376
21023, 21039, 37392
21039, 37408, 37392
21039, 21055, 37408
21055, 37424, 37408
21055, 21071, 37424
21071, 37440, 37424
21071, 21087, 37440
21087, 37456, 37440
21087, 21103, 37456
21103, 37472, 37456
21103, 21119, 37472
21119, 37488, 37472
21119, 21135, 37488
21135, 37504, 37488
21135, 21151, 37504
21151, 37520, 37504
21151, 21167, 37520
21167, 37536, 37520
21167, 21183, 37536
21183, 37552, 37536
21183, 21199, 37552
21199, 37568, 37552
21199, 21215, 37568
21215, 37584, 37568
21215, 21231, 37584
21231, 37600, 37584
21231, 21247, 37600
21247, 37616, 37600
21247, 21263, 37616
21263, 37632, 37616
21263, 21279, 37632
21279, 37648, 37632
21279, 21295, 37648
21295, 37664, 37648
21295, 21311, 37664
21311, 37680, 37664
21311, 21327, 37680
21327, 37696, 37680
21327, 21343, 37696
21343, 37712, 37696
21343, 21359, 37712
21359, 37728, 37712
21359, 21375, 37728
21375, 37744, 37728
21375, 21391, 37744
45983, 45967, 29552
45967, 45951, 29552
29552, 45935, 45951
29552, 29536, 45935
29536, 45919, 45935
29536, 29520, 45919
29520, 45903, 45919
29520, 29504, 45903
29504, 45887, 45903
29504, 29488, 45887
29488, 45871, 45887
29488, 29472, 45871
29472, 45855, 45871
29472, 29456, 45855
29456, 45839, 45855
29456, 29440, 45839
29440, 45823, 45839
29440, 29424, 45823
29424, 45807, 45823
29424, 29408, 45807
29408, 45791, 45807
29408, 29392, 45791
29392, 45775, 45791
29392, 29376, 45775
29376, 45759, 45775
29376, 29360, 45759
29360, 45743, 45759
29360, 29344, 45743
29344, 45727, 45743
29344, 29328, 45727
29328, 45711, 45727
29328, 29312, 45711
29312, 45695, 45711
29312, 29296, 45695
29296, 45679, 45695
29296, 29280, 45679
29280, 45663, 45679
29280, 29264, 45663
29264, 45647, 45663
29264, 29248, 45647
29248, 45631, 45647
29248, 29232, 45631
29232, 45615, 45631
29232, 29216, 45615
29216, 45599, 45615
29216, 29200, 45599
29200, 45583, 45599
29200, 29184, 45583
29184, 45567, 45583
29184, 29168, 45567
29168, 45551, 45567
29168, 29152, 45551
29152, 45535, 45551
29152, 29136, 45535
29136, 45519, 45535
29136, 29120, 45519
29120, 45503, 45519
29120, 29104, 45503
29104, 45487, 45503
29104, 29088, 45487
29088, 45471, 45487
29088, 29072, 45471
29072, 45455, 45471
29072, 29056, 45455
29056, 45439, 45455
29056, 29040, 45439
29040, 45423, 45439
29040, 29024, 45423
29024, 45407, 45423
29024, 29008, 45407
29008, 45391, 45407
29008, 28992, 45391
28992, 45375, 45391
28992, 28976, 45375
28976, 45359, 45375
28976, 28960, 45359
28960, 45343, 45359
28960, 28944, 45343
28944, 45327, 45343
28944, 28928, 45327
28928, 45311, 45327
28928, 28912, 45311
28912, 45295, 45311
28912, 28896, 45295
28896, 45279, 45295
28896, 28880, 45279
28880, 45263, 45279
28880, 28864, 45263
28864, 45247, 45263
28864, 28848, 45247
28848, 45231, 45247
28848, 28832, 45231
28832, 45215, 45231
28832, 28816, 45215
28816, 45199, 45215
28816, 28800, 45199
28800, 45183, 45199
28800, 28784, 45183
28784, 45167, 45183
28784, 28768, 45167
28768, 45151, 45167
28768, 28752, 45151
28752, 45135, 45151
28752, 28736, 45135
28736, 45119, 45135
28736, 28720, 45119
28720, 45103, 45119
28720, 28704, 45103
28704, 45087, 45103
28704, 28688, 45087
28688, 45071, 45087
28688, 28672, 45071
28672, 45055, 45071
28672, 28656, 45055
28656, 45039, 45055
28656, 28640, 45039
28640, 45023, 45039
28640, 28624, 45023
28624, 45007, 45023
28624, 28608, 45007
28608, 44991, 45007
28608, 28592, 44991
28592, 44975, 44991
28592, 28576, 44975
28576, 44959, 44975
28576, 28560, 44959
28560, 44943, 44959
28560, 28544, 44943
28544, 44927, 44943
28544, 28528, 44927
28528, 44911, 44927
28528, 28512, 44911
28512, 44895, 44911
28512, 28496, 44895
28496, 44879, 44895
28496, 28480, 44879
28480, 44863, 44879
28480, 28464, 44863
28464, 44847, 44863
28464, 28448, 44847
28448, 44831, 44847
28448, 28432, 44831
28432, 44815, 44831
28432, 28416, 44815
28416, 44799, 44815
28416, 28400, 44799
28400, 44783, 44799
28400, 28384, 44783
28384, 44767, 44783
28384, 28368, 44767
28368, 44751, 44767
28368, 28352, 44751
28352, 44735, 44751
28352, 28336, 44735
28336, 44719, 44735
28336, 28320, 44719
28320, 44703, 44719
28320, 28304, 44703
28304, 44687, 44703
28304, 28288, 44687
28288, 44671, 44687
28288, 28272, 44671
28272, 44655, 44671
28272, 28256, 44655
28256, 44639, 44655
28256, 28240, 44639
28240, 44623, 44639
28240, 28224, 44623
28224, 44607, 44623
28224, 28208, 44607
28208, 44591, 44607
28208, 28192, 44591
28192, 44575, 44591
28192, 28176, 44575
28176, 44559, 44575
28176, 28160, 44559
28160, 44543, 44559
28160, 28144, 44543
28144, 44527, 44543
28144, 28128, 44527
28128, 44511, 44527
28128, 28112, 44511
28112, 44495, 44511
28112, 28096, 44495
28096, 44479, 44495
28096, 28080, 44479
28080, 44463, 44479
28080, 28064, 44463
28064, 44447, 44463
28064, 28048, 44447
28048, 44431, 44447
28048, 28032, 44431
28032, 44415, 44431
28032, 28016, 44415
28016, 44399, 44415
28016, 28000, 44399
28000, 44383, 44399
28000, 27984, 44383
27984, 44367, 44383
27984, 27968, 44367
27968, 44351, 44367
27968, 27952, 44351
27952, 44335, 44351
27952, 27936, 44335
27936, 44319, 44335
27936, 27920, 44319
27920, 44303, 44319
27920, 27904, 44303
27904, 44287, 44303
27904, 27888, 44287
27888, 44271, 44287
27888, 27872, 44271
27872, 44255, 44271
27872, 27856, 44255
27856, 44239, 44255
27856, 27840, 44239
27840, 44223, 44239
27840, 27824, 44223
27824, 44207, 44223
27824, 27808, 44207
27808, 44191, 44207
27808, 27792, 44191
27792, 44175, 44191
27792, 27776, 44175
27776, 44159, 44175
27776, 27760, 44159
27760, 44143, 44159
27760, 27744, 44143
27744, 44127, 44143
27744, 27728, 44127
27728, 44111, 44127
27728, 27712, 44111
27712, 44095, 44111
27712, 27696, 44095
27696, 44079, 44095
27696, 27680, 44079
35903, 52272, 52256
35903, 35919, 52272
35919, 52288, 52272
35919, 35935, 52288
35935, 52304, 52288
35935, 35951, 52304
35951, 52320, 52304
35951, 35967, 52320
35967, 52336, 52320
35967, 35983, 52336
35983, 52352, 52336
35983, 35999, 52352
35999, 52368, 52352
35999, 36015, 52368
36015, 52384, 52368
36015, 36031, 52384
36031, 52400, 52384
36031, 36047, 52400
36047, 52416, 52400
36047, 36063, 52416
36063, 52432, 52416
36063, 36079, 52432
36079, 52448, 52432
36079, 36095, 52448
36095, 52464, 52448
36095, 36111, 52464
36111, 52480, 52464
36111, 36127, 52480
36127, 52496, 52480
36127, 36143, 52496
36143, 52512, 52496
36143, 36159, 52512
36159, 52528, 52512
36159, 36175, 52528
36175, 52544, 52528
36175, 36191, 52544
36191, 52560, 52544
36191, 36207, 52560
36207, 52576, 52560
36207, 36223, 52576
36223, 52592, 52576
36223, 36239, 52592
36239, 52608, 52592
36239, 36255, 52608
36255, 52624, 52608
36255, 36271, 52624
36271, 52640, 52624
36271, 36287, 52640
36287, 52656, 52640
36287, 36303, 52656
36303, 52672, 52656
36303, 36319, 52672
36319, 52688, 52672
36319, 36335, 52688
36335, 52704, 52688
36335, 36351, 52704
36351, 52720, 52704
36351, 36367, 52720
36367, 52736, 52720
36367, 36383, 52736
36383, 52752, 52736
36383, 36399, 52752
36399, 52768, 52752
36399, 36415, 52768
36415, 52784, 52768
36415, 36431, 52784
36431, 52800, 52784
36431, 36447, 52800
36447, 52816, 52800
36447, 36463, 52816
36463, 52832, 52816
36463, 36479, 52832
36479, 52848, 52832
36479, 36495, 52848
36495, 52864, 52848
36495, 36511, 52864
36511, 52880, 52864
36511, 36527, 52880
36527, 52896, 52880
36527, 36543, 52896
36543, 52912, 52896
36543, 36559, 52912
36559, 52928, 52912
36559, 36575, 52928
36575, 52944, 52928
36575, 36591, 52944
36591, 52960, 52944
36591, 36607, 52960
36607, 52976, 52960
36607, 36623, 52976
36623, 52992, 52976
36623, 36639, 52992
36639, 53008, 52992
36639, 36655, 53008
36655, 53024, 53008
36655, 36671, 53024
36671, 53040, 53024
36671, 36687, 53040
36687, 53056, 53040
36687, 36703, 53056
36703, 53072, 53056
36703, 36719, 53072
36719, 53088, 53072
36719, 36735, 53088
36735, 53104, 53088
36735, 36751, 53104
36751, 53120, 53104
36751, 36767, 53120
36767, 53136, 53120
36767, 36783, 53136
36783, 53152, 53136
36783, 36799, 53152
36799, 53168, 53152
36799, 36815, 53168
36815, 53184, 53168
36815, 36831, 53184
36831, 53200, 53184
36831, 36847, 53200
36847, 53216, 53200
36847, 36863, 53216
36863, 53232, 53216
36863, 36879, 53232
36879, 53248, 53232
36879, 36895, 53248
36895, 53264, 53248
36895, 36911, 53264
36911, 53280, 53264
36911, 36927, 53280
36927, 53296, 53280
36927, 36943, 53296
36943, 53312, 53296
36943, 36959, 53312
36959, 53328, 53312
36959, 36975, 53328
36975, 53344, 53328
36975, 36991, 53344
36991, 53360, 53344
36991, 37007, 53360
37007, 53376, 53360
37007, 37023, 53376
37023, 53392, 53376
37023, 37039, 53392
37039, 53408, 53392
37039, 37055, 53408
37055, 53424, 53408
37055, 37071, 53424
37071, 53440, 53424
37071, 37087, 53440
37087, 53456, 53440
37087, 37103, 53456
37103, 53472, 53456
37103, 37119, 53472
37119, 53488, 53472
37119, 37135, 53488
37135, 53504, 53488
37135, 37151, 53504
37151, 53520, 53504
37151, 37167, 53520
37167, 53536, 53520
37167, 37183, 53536
37183, 53552, 53536
37183, 37199, 53552
37199, 53568, 53552
37199, 37215, 53568
37215, 53584, 53568
37215, 37231, 53584
37231, 53600, 53584
37231, 37247, 53600
37247, 53616, 53600
37247, 37263, 53616
37263, 53632, 53616
37263, 37279, 53632
37279, 53648, 53632
37279, 37295, 53648
37295, 53664, 53648
37295, 37311, 53664
37311, 53680, 53664
37311, 37327, 53680
37327, 53696, 53680
37327, 37343, 53696
37343, 53712, 53696
37343, 37359, 53712
37359, 53728, 53712
37359, 37375, 53728
37375, 53744, 53728
37375, 37391, 53744
37391, 53760, 53744
37391, 37407, 53760
37407, 53776, 53760
37407, 37423, 53776
37423, 53792, 53776
37423, 37439, 53792
37439, 53808, 53792
37439, 37455, 53808
37455, 53824, 53808
37455, 37471, 53824
37471, 53840, 53824
37471, 37487, 53840
37487, 53856, 53840
37487, 37503, 53856
37503, 53872, 53856
37503, 37519, 53872
37519, 53888, 53872
37519, 37535, 53888
37535, 53904, 53888
37535, 37551, 53904
37551, 53920, 53904
37551, 37567, 53920
37567, 53936, 53920
37567, 37583, 53936
37583, 53952, 53936
37583, 37599, 53952
37599, 53968, 53952
37599, 37615, 53968
37615, 53984, 53968
37615, 37631, 53984
37631, 54000, 53984
37631, 37647, 54000
37647, 54016, 54000
37647, 37663, 54016
37663, 54032, 54016
37663, 37679, 54032
37679, 54048, 54032
37679, 37695, 54048
37695, 54064, 54048
37695, 37711, 54064
37711, 54080, 54064
37711, 37727, 54080
37727, 54096, 54080
37727, 37743, 54096
37743, 54112, 54096
37743, 37759, 54112
37759, 54128, 54112
37759, 37775, 54128
62367, 62351, 45936
62351, 62335, 45936
45936, 62319, 62335
45936, 45920, 62319
45920, 62303, 62319
45920, 45904, 62303
45904, 62287, 62303
45904, 45888, 62287
45888, 62271, 62287
45888, 45872, 62271
45872, 62255, 62271
45872, 45856, 62255
45856, 62239, 62255
45856, 45840, 62239
45840, 62223, 62239
45840, 45824, 62223
45824, 62207, 62223
45824, 45808, 62207
45808, 62191, 62207
45808, 45792, 62191
45792, 62175, 62191
45792, 45776, 62175
45776, 62159, 62175
45776, 45760, 62159
45760, 62143, 62159
45760, 45744, 62143
45744, 62127, 62143
45744, 45728, 62127
45728, 62111, 62127
45728, 45712, 62111
45712, 62095, 62111
45712, 45696, 62095
45696, 62079, 62095
45696, 45680, 62079
45680, 62063, 62079
45680, 45664, 62063
45664, 62047, 62063
45664, 45648, 62047
45648, 62031, 62047
45648, 45632, 62031
45632, 62015, 62031
45632, 45616, 62015
45616, 61999, 62015
45616, 45600, 61999
45600, 61983, 61999
45600, 45584, 61983
45584, 61967, 61983
45584, 45568, 61967
45568, 61951, 61967
45568, 45552, 61951
45552, 61935, 61951
45552, 45536, 61935
45536, 61919, 61935
45536, 45520, 61919
45520, 61903, 61919
45520, 45504, 61903
45504, 61887, 61903
45504, 45488, 61887
45488, 61871, 61887
45488, 45472, 61871
45472, 61855, 61871
45472, 45456, 61855
45456, 61839, 61855
45456, 45440, 61839
45440, 61823, 61839
45440, 45424, 61823
45424, 61807, 61823
45424, 45408, 61807
45408, 61791, 61807
45408, 45392, 61791
45392, 61775, 61791
45392, 45376, 61775
45376, 61759, 61775
45376, 45360, 61759
45360, 61743, 61759
45360, 45344, 61743
45344, 61727, 61743
45344, 45328, 61727
45328, 61711, 61727
45328, 45312, 61711
45312, 61695, 61711
45312, 45296, 61695
45296, 61679, 61695
45296, 45280, 61679
45280, 61663, 61679
45280, 45264, 61663
45264, 61647, 61663
45264, 45248, 61647
45248, 61631, 61647
45248, 45232, 61631
45232, 61615, 61631
45232, 45216, 61615
45216, 61599, 61615
45216, 45200, 61599
45200, 61583, 61599
45200, 45184, 61583
45184, 61567, 61583
45184, 45168, 61567
45168, 61551, 61567
45168, 45152, 61551
45152, 61535, 61551
45152, 45136, 61535
45136, 61519, 61535
45136, 45120, 61519
45120, 61503, 61519
45120, 45104, 61503
45104, 61487, 61503
45104, 45088, 61487
45088, 61471, 61487
45088, 45072, 61471
45072, 61455, 61471
45072, 45056, 61455
45056, 61439, 61455
45056, 45040, 61439
45040, 61423, 61439
45040, 45024, 61423
45024, 61407, 61423
45024, 45008, 61407
45008, 61391, 61407
45008, 44992, 61391
44992, 61375, 61391
44992, 44976, 61375
44976, 61359, 61375
44976, 44960, 61359
44960, 61343, 61359
44960, 44944, 61343
44944, 61327, 61343
44944, 44928, 61327
44928, 61311, 61327
44928, 44912, 61311
44912, 61295, 61311
44912, 44896, 61295
44896, 61279, 61295
44896, 44880, 61279
44880, 61263, 61279
44880, 44864, 61263
44864, 61247, 61263
44864, 44848, 61247
44848, 61231, 61247
44848, 44832, 61231
44832, 61215, 61231
44832, 44816, 61215
44816, 61199, 61215
44816, 44800, 61199
44800, 61183, 61199
44800, 44784, 61183
44784, 61167, 61183
44784, 44768, 61167
44768, 61151, 61167
44768, 44752, 61151
44752, 61135, 61151
44752, 44736, 61135
44736, 61119, 61135
44736, 44720, 61119
44720, 61103, 61119
44720, 44704, 61103
44704, 61087, 61103
44704, 44688, 61087
44688, 61071, 61087
44688, 44672, 61071
44672, 61055, 61071
44672, 44656, 61055
44656, 61039, 61055
44656, 44640, 61039
44640, 61023, 61039
44640, 44624, 61023
44624, 61007, 61023
44624, 44608, 61007
44608, 60991, 61007
44608, 44592, 60991
44592, 60975, 60991
44592, 44576, 60975
44576, 60959, 60975
44576, 44560, 60959
44560, 60943, 60959
44560, 44544, 60943
44544, 60927, 60943
44544, 44528, 60927
44528, 60911, 60927
44528, 44512, 60911
44512, 60895, 60911
44512, 44496, 60895
44496, 60879, 60895
44496, 44480, 60879
44480, 60863, 60879
44480, 44464, 60863
44464, 60847, 60863
44464, 44448, 60847
44448, 60831, 60847
44448, 44432, 60831
44432, 60815, 60831
44432, 44416, 60815
44416, 60799, 60815
44416, 44400, 60799
44400, 60783, 60799
44400, 44384, 60783
44384, 60767, 60783
44384, 44368, 60767
44368, 60751, 60767
44368, 44352, 60751
44352, 60735, 60751
44352, 44336, 60735
44336, 60719, 60735
44336, 44320, 60719
44320, 60703, 60719
44320, 44304, 60703
44304, 60687, 60703
44304, 44288, 60687
44288, 60671, 60687
44288, 44272, 60671
44272, 60655, 60671
44272, 44256, 60655
44256, 60639, 60655
44256, 44240, 60639
44240, 60623, 60639
44240, 44224, 60623
44224, 60607, 60623
44224, 44208, 60607
44208, 60591, 60607
44208, 44192, 60591
44192, 60575, 60591
44192, 44176, 60575
44176, 60559, 60575
44176, 44160, 60559
44160, 60543, 60559
44160, 44144, 60543
44144, 60527, 60543
44144, 44128, 60527
44128, 60511, 60527
44128, 44112, 60511
44112, 60495, 60511
44112, 44096, 60495
44096, 60479, 60495
44096, 44080, 60479
44080, 60463, 60479
44080, 44064, 60463
52287, 68656, 68640
52287, 52303, 68656
52303, 68672, 68656
52303, 52319, 68672
52319, 68688, 68672
52319, 52335, 68688
52335, 68704, 68688
52335, 52351, 68704
52351, 68720, 68704
52351, 52367, 68720
52367, 68736, 68720
52367, 52383, 68736
52383, 68752, 68736
52383, 52399, 68752
52399, 68768, 68752
52399, 52415, 68768
52415, 68784, 68768
52415, 52431, 68784
52431, 68800, 68784
52431, 52447, 68800
52447, 68816, 68800
52447, 52463, 68816
52463, 68832, 68816
52463, 52479, 68832
52479, 68848, 68832
52479, 52495, 68848
52495, 68864, 68848
52495, 52511, 68864
52511, 68880, 68864
52511, 52527, 68880
52527, 68896, 68880
52527, 52543, 68896
52543, 68912, 68896
52543, 52559, 68912
52559, 68928, 68912
52559, 52575, 68928
52575, 68944, 68928
52575, 52591, 68944
52591, 68960, 68944
52591, 52607, 68960
52607, 68976, 68960
52607, 52623, 68976
52623, 68992, 68976
52623, 52639, 68992
52639, 69008, 68992
52639, 52655, 69008
52655, 69024, 69008
52655, 52671, 69024
52671, 69040, 69024
52671, 52687, 69040
52687, 69056, 69040
52687, 52703, 69056
52703, 69072, 69056
52703, 52719, 69072
52719, 69088, 69072
52719, 52735, 69088
52735, 69104, 69088
52735, 52751, 69104
52751, 69120, 69104
52751, 52767, 69120
52767, 69136, 69120
52767, 52783, 69136
52783, 69152, 69136
52783, 52799, 69152
52799, 69168, 69152
52799, 52815, 69168
52815, 69184, 69168
52815, 52831, 69184
52831, 69200, 69184
52831, 52847, 69200
52847, 69216, 69200
52847, 52863, 69216
52863, 69232, 69216
52863, 52879, 69232
52879, 69248, 69232
52879, 52895, 69248
52895, 69264, 69248
52895, 52911, 69264
52911, 69280, 69264
52911, 52927, 69280
52927, 69296, 69280
52927, 52943, 69296
52943, 69312, 69296
52943, 52959, 69312
52959, 69328, 69312
52959, 52975, 69328
52975, 69344, 69328
52975, 52991, 69344
52991, 69360, 69344
52991, 53007, 69360
53007, 69376, 69360
53007, 53023, 69376
53023, 69392, 69376
53023, 53039, 69392
53039, 69408, 69392
53039, 53055, 69408
53055, 69424, 69408
53055, 53071, 69424
53071, 69440, 69424
53071, 53087, 69440
53087, 69456, 69440
53087, 53103, 69456
53103, 69472, 69456
53103, 53119, 69472
53119, 69488, 69472
53119, 53135, 69488
53135, 69504, 69488
53135, 53151, 69504
53151, 69520, 69504
53151, 53167, 69520
53167, 69536, 69520
53167, 53183, 69536
53183, 69552, 69536
53183, 53199, 69552
53199, 69568, 69552
53199, 53215, 69568
53215, 69584, 69568
53215, 53231, 69584
53231, 69600, 69584
53231, 53247, 69600
53247, 69616, 69600
53247, 53263, 69616
53263, 69632, 69616
53263, 53279, 69632
53279, 69648, 69632
53279, 53295, 69648
53295, 69664, 69648
53295, 53311, 69664
53311, 69680, 69664
53311, 53327, 69680
53327, 69696, 69680
53327, 53343, 69696
53343, 69712, 69696
53343, 53359, 69712
53359, 69728, 69712
53359, 53375, 69728
53375, 69744, 69728
53375, 53391, 69744
53391, 69760, 69744
53391, 53407, 69760
53407, 69776, 69760
53407, 53423, 69776
53423, 69792, 69776
53423, 53439, 69792
53439, 69808, 69792
53439, 53455, 69808
53455, 69824, 69808
53455, 53471, 69824
53471, 69840, 69824
53471, 53487, 69840
53487, 69856, 69840
53487, 53503, 69856
53503, 69872, 69856
53503, 53519, 69872
53519, 69888, 69872
53519, 53535, 69888
53535, 69904, 69888
53535, 53551, 69904
53551, 69920, 69904
53551, 53567, 69920
53567, 69936, 69920
53567, 53583, 69936
53583, 69952, 69936
53583, 53599, 69952
53599, 69968, 69952
53599, 53615, 69968
53615, 69984, 69968
53615, 53631, 69984
53631, 70000, 69984
53631, 53647, 70000
53647, 70016, 70000
53647, 53663, 70016
53663, 70032, 70016
53663, 53679, 70032
53679, 70048, 70032
53679, 53695, 70048
53695, 70064, 70048
53695, 53711, 70064
53711, 70080, 70064
53711, 53727, 70080
53727, 70096, 70080
53727, 53743, 70096
53743, 70112, 70096
53743, 53759, 70112
53759, 70128, 70112
53759, 53775, 70128
53775, 70144, 70128
53775, 53791, 70144
53791, 70160, 70144
53791, 53807, 70160
53807, 70176, 70160
53807, 53823, 70176
53823, 70192, 70176
53823, 53839, 70192
53839, 70208, 70192
53839, 53855, 70208
53855, 70224, 70208
53855, 53871, 70224
53871, 70240, 70224
53871, 53887, 70240
53887, 70256, 70240
53887, 53903, 70256
53903, 70272, 70256
53903, 53919, 70272
53919, 70288, 70272
53919, 53935, 70288
53935, 70304, 70288
53935, 53951, 70304
53951, 70320, 70304
53951, 53967, 70320
53967, 70336, 70320
53967, 53983, 70336
53983, 70352, 70336
53983, 53999, 70352
53999, 70368, 70352
53999, 54015, 70368
54015, 70384, 70368
54015, 54031, 70384
54031, 70400, 70384
54031, 54047, 70400
54047, 70416, 70400
54047, 54063, 70416
54063, 70432, 70416
54063, 54079, 70432
54079, 70448, 70432
54079, 54095, 70448
54095, 70464, 70448
54095, 54111, 70464
54111, 70480, 70464
54111, 54127, 70480
54127, 70496, 70480
54127, 54143, 70496
54143, 70512, 70496
54143, 54159, 70512
78751, 78735, 62320
78735, 78719, 62320
62320, 78703, 78719
62320, 62304, 78703
62304, 78687, 78703
62304, 62288, 78687
62288, 78671, 78687
62288, 62272, 78671
62272, 78655, 78671
62272, 62256, 78655
62256, 78639, 78655
62256, 62240, 78639
62240, 78623, 78639
62240, 62224, 78623
62224, 78607, 78623
62224, 62208, 78607
62208, 78591, 78607
62208, 62192, 78591
62192, 78575, 78591
62192, 62176, 78575
62176, 78559, 78575
62176, 62160, 78559
62160, 78543, 78559
62160, 62144, 78543
62144, 78527, 78543
62144, 62128, 78527
62128, 78511, 78527
62128, 62112, 78511
62112, 78495, 78511
62112, 62096, 78495
62096, 78479, 78495
62096, 62080, 78479
62080, 78463, 78479
62080, 62064, 78463
62064, 78447, 78463
62064, 62048, 78447
62048, 78431, 78447
62048, 62032, 78431
62032, 78415, 78431
62032, 62016, 78415
62016, 78399, 78415
62016, 62000, 78399
62000, 78383, 78399
62000, 61984, 78383
61984, 78367, 78383
61984, 61968, 78367
61968, 78351, 78367
61968, 61952, 78351
61952, 78335, 78351
61952, 61936, 78335
61936, 78319, 78335
61936, 61920, 78319
61920, 78303, 78319
61920, 61904, 78303
61904, 78287, 78303
61904, 61888, 78287
61888, 78271, 78287
61888, 61872, 78271
61872, 78255, 78271
61872, 61856, 78255
61856, 78239, 78255
61856, 61840, 78239
61840, 78223, 78239
61840, 61824, 78223
61824, 78207, 78223
61824, 61808, 78207
61808, 78191, 78207
61808, 61792, 78191
61792, 78175, 78191
61792, 61776, 78175
61776, 78159, 78175
61776, 61760, 78159
61760, 78143, 78159
61760, 61744, 78143
61744, 78127, 78143
61744, 61728, 78127
61728, 78111, 78127
61728, 61712, 78111
61712, 78095, 78111
61712, 61696, 78095
61696, 78079, 78095
61696, 61680, 78079
61680, 78063, 78079
61680, 61664, 78063
61664, 78047, 78063
61664, 61648, 78047
61648, 78031, 78047
61648, 61632, 78031
61632, 78015, 78031
61632, 61616, 78015
61616, 77999, 78015
61616, 61600, 77999
61600, 77983, 77999
61600, 61584, 77983
61584, 77967, 77983
61584, 61568, 77967
61568, 77951, 77967
61568, 61552, 77951
61552, 77935, 77951
61552, 61536, 77935
61536, 77919, 77935
61536, 61520, 77919
61520, 77903, 77919
61520, 61504, 77903
61504, 77887, 77903
61504, 61488, 77887
61488, 77871, 77887
61488, 61472, 77871
61472, 77855, 77871
61472, 61456, 77855
61456, 77839, 77855
61456, 61440, 77839
61440, 77823, 77839
61440, 61424, 77823
61424, 77807, 77823
61424, 61408, 77807
61408, 77791, 77807
61408, 61392, 77791
61392, 77775, 77791
61392, 61376, 77775
61376, 77759, 77775
61376, 61360, 77759
61360, 77743, 77759
61360, 61344, 77743
61344, 77727, 77743
61344, 61328, 77727
61328, 77711, 77727
61328, 61312, 77711
61312, 77695, 77711
61312, 61296, 77695
61296, 77679, 77695
61296, 61280, 77679
61280, 77663, 77679
61280, 61264, 77663
61264, 77647, 77663
61264, 61248, 77647
61248, 77631, 77647
61248, 61232, 77631
61232, 77615, 77631
61232, 61216, 77615
61216, 77599, 77615
61216, 61200, 77599
61200, 77583, 77599
61200, 61184, 77583
61184, 77567, 77583
61184, 61168, 77567
61168, 77551, 77567
61168, 61152, 77551
61152, 77535, 77551
61152, 61136, 77535
61136, 77519, 77535
61136, 61120, 77519
61120, 77503, 77519
61120, 61104, 77503
61104, 77487, 77503
61104, 61088, 77487
61088, 77471, 77487
61088, 61072, 77471
61072, 77455, 77471
61072, 61056, 77455
61056, 77439, 77455
61056, 61040, 77439
61040, 77423, 77439
61040, 61024, 77423
61024, 77407, 77423
61024, 61008, 77407
61008, 77391, 77407
61008, 60992, 77391
60992, 77375, 77391
60992, 60976, 77375
60976, 77359, 77375
60976, 60960, 77359
60960, 77343, 77359
60960, 60944, 77343
60944, 77327, 77343
60944, 60928, 77327
60928, 77311, 77327
60928, 60912, 77311
60912, 77295, 77311
60912, 60896, 77295
60896, 77279, 77295
60896, 60880, 77279
60880, 77263, 77279
60880, 60864, 77263
60864, 77247, 77263
60864, 60848, 77247
60848, 77231, 77247
60848, 60832, 77231
60832, 77215, 77231
60832, 60816, 77215
60816, 77199, 77215
60816, 60800, 77199
60800, 77183, 77199
60800, 60784, 77183
60784, 77167, 77183
60784, 60768, 77167
60768, 77151, 77167
60768, 60752, 77151
60752, 77135, 77151
60752, 60736, 77135
60736, 77119, 77135
60736, 60720, 77119
60720, 77103, 77119
60720, 60704, 77103
60704, 77087, 77103
60704, 60688, 77087
60688, 77071, 77087
60688, 60672, 77071
60672, 77055, 77071
60672, 60656, 77055
60656, 77039, 77055
60656, 60640, 77039
60640, 77023, 77039
60640, 60624, 77023
60624, 77007, 77023
60624, 60608, 77007
60608, 76991, 77007
60608, 60592, 76991
60592, 76975, 76991
60592, 60576, 76975
60576, 76959, 76975
60576, 60560, 76959
60560, 76943, 76959
60560, 60544, 76943
60544, 76927, 76943
60544, 60528, 76927
60528, 76911, 76927
60528, 60512, 76911
60512, 76895, 76911
60512, 60496, 76895
60496, 76879, 76895
60496, 60480, 76879
60480, 76863, 76879
60480, 60464, 76863
60464, 76847, 76863
60464, 60448, 76847
68671, 85040, 85024
68671, 68687, 85040
68687, 85056, 85040
68687, 68703, 85056
68703, 85072, 85056
68703, 68719, 85072
68719, 85088, 85072
68719, 68735, 85088
68735, 85104, 85088
68735, 68751, 85104
68751, 85120, 85104
68751, 68767, 85120
68767, 85136, 85120
68767, 68783, 85136
68783, 85152, 85136
68783, 68799, 85152
68799, 85168, 85152
68799, 68815, 85168
68815, 85184, 85168
68815, 68831, 85184
68831, 85200, 85184
68831, 68847, 85200
68847, 85216, 85200
68847, 68863, 85216
68863, 85232, 85216
68863, 68879, 85232
68879, 85248, 85232
68879, 68895, 85248
68895, 85264, 85248
68895, 68911, 85264
68911, 85280, 85264
68911, 68927, 85280
68927, 85296, 85280
68927, 68943, 85296
68943, 85312, 85296
68943, 68959, 85312
68959, 85328, 85312
68959, 68975, 85328
68975, 85344, 85328
68975, 68991, 85344
68991, 85360, 85344
68991, 69007, 85360
69007, 85376, 85360
69007, 69023, 85376
69023, 85392, 85376
69023, 69039, 85392
69039, 85408, 85392
69039, 69055, 85408
69055, 85424, 85408
69055, 69071, 85424
69071, 85440, 85424
69071, 69087, 85440
69087, 85456, 85440
69087, 69103, 85456
69103, 85472, 85456
69103, 69119, 85472
69119, 85488, 85472
69119, 69135, 85488
69135, 85504, 85488
69135, 69151, 85504
69151, 85520, 85504
69151, 69167, 85520
69167, 85536, 85520
69167, 69183, 85536
69183, 85552, 85536
69183, 69199, 85552
69199, 85568, 85552
69199, 69215, 85568
69215, 85584, 85568
69215, 69231, 85584
69231, 85600, 85584
69231, 69247, 85600
69247, 85616, 85600
69247, 69263, 85616
69263, 85632, 85616
69263, 69279, 85632
69279, 85648, 85632
69279, 69295, 85648
69295, 85664, 85648
69295, 69311, 85664
69311, 85680, 85664
69311, 69327, 85680
69327, 85696, 85680
69327, 69343, 85696
69343, 85712, 85696
69343, 69359, 85712
69359, 85728, 85712
69359, 69375, 85728
69375, 85744, 85728
69375, 69391, 85744
69391, 85760, 85744
69391, 69407, 85760
69407, 85776, 85760
69407, 69423, 85776
69423, 85792, 85776
69423, 69439, 85792
69439, 85808, 85792
69439, 69455, 85808
69455, 85824, 85808
69455, 69471, 85824
69471, 85840, 85824
69471, 69487, 85840
69487, 85856, 85840
69487, 69503, 85856
69503, 85872, 85856
69503, 69519, 85872
69519, 85888, 85872
69519, 69535, 85888
69535, 85904, 85888
69535, 69551, 85904
69551, 85920, 85904
69551, 69567, 85920
69567, 85936, 85920
69567, 69583, 85936
69583, 85952, 85936
69583, 69599, 85952
69599, 85968, 85952
69599, 69615, 85968
69615, 85984, 85968
69615, 69631, 85984
69631, 86000, 85984
69631, 69647, 86000
69647, 86016, 86000
69647, 69663, 86016
69663, 86032, 86016
69663, 69679, 86032
69679, 86048, 86032
69679, 69695, 86048
69695, 86064, 86048
69695, 69711, 86064
69711, 86080, 86064
69711, 69727, 86080
69727, 86096, 86080
69727, 69743, 86096
69743, 86112, 86096
69743, 69759, 86112
69759, 86128, 86112
69759, 69775, 86128
69775, 86144, 86128
69775, 69791, 86144
69791, 86160, 86144
69791, 69807, 86160
69807, 86176, 86160
69807, 69823, 86176
69823, 86192, 86176
69823, 69839, 86192
69839, 86208, 86192
69839, 69855, 86208
69855, 86224, 86208
69855, 69871, 86224
69871, 86240, 86224
69871, 69887, 86240
69887, 86256, 86240
69887, 69903, 86256
69903, 86272, 86256
69903, 69919, 86272
69919, 86288, 86272
69919, 69935, 86288
69935, 86304, 86288
69935, 69951, 86304
69951, 86320, 86304
69951, 69967, 86320
69967, 86336, 86320
69967, 69983, 86336
69983, 86352, 86336
69983, 69999, 86352
69999, 86368, 86352
69999, 70015, 86368
70015, 86384, 86368
70015, 70031, 86384
70031, 86400, 86384
70031, 70047, 86400
70047, 86416, 86400
70047, 70063, 86416
70063, 86432, 86416
70063, 70079, 86432
70079, 86448, 86432
70079, 70095, 86448
70095, 86464, 86448
70095, 70111, 86464
70111, 86480, 86464
70111, 70127, 86480
70127, 86496, 86480
70127, 70143, 86496
70143, 86512, 86496
70143, 70159, 86512
70159, 86528, 86512
70159, 70175, 86528
70175, 86544, 86528
70175, 70191, 86544
70191, 86560, 86544
70191, 70207, 86560
70207, 86576, 86560
70207, 70223, 86576
70223, 86592, 86576
70223, 70239, 86592
70239, 86608, 86592
70239, 70255, 86608
70255, 86624, 86608
70255, 70271, 86624
70271, 86640, 86624
70271, 70287, 86640
70287, 86656, 86640
70287, 70303, 86656
70303, 86672, 86656
70303, 70319, 86672
70319, 86688, 86672
70319, 70335, 86688
70335, 86704, 86688
70335, 70351, 86704
70351, 86720, 86704
70351, 70367, 86720
70367, 86736, 86720
70367, 70383, 86736
70383, 86752, 86736
70383, 70399, 86752
70399, 86768, 86752
70399, 70415, 86768
70415, 86784, 86768
70415, 70431, 86784
70431, 86800, 86784
70431, 70447, 86800
70447, 86816, 86800
70447, 70463, 86816
70463, 86832, 86816
70463, 70479, 86832
70479, 86848, 86832
70479, 70495, 86848
70495, 86864, 86848
70495, 70511, 86864
70511, 86880, 86864
70511, 70527, 86880
70527, 86896, 86880
70527, 70543, 86896
95135, 95119, 78704
95119, 95103, 78704
78704, 95087, 95103
78704, 78688, 95087
78688, 95071, 95087
78688, 78672, 95071
78672, 95055, 95071
78672, 78656, 95055
78656, 95039, 95055
78656, 78640, 95039
78640, 95023, 95039
78640, 78624, 95023
78624, 95007, 95023
78624, 78608, 95007
78608, 94991, 95007
78608, 78592, 94991
78592, 94975, 94991
78592, 78576, 94975
78576, 94959, 94975
78576, 78560, 94959
78560, 94943, 94959
78560, 78544, 94943
78544, 94927, 94943
78544, 78528, 94927
78528, 94911, 94927
78528, 78512, 94911
78512, 94895, 94911
78512, 78496, 94895
78496, 94879, 94895
78496, 78480, 94879
78480, 94863, 94879
78480, 78464, 94863
78464, 94847, 94863
78464, 78448, 94847
78448, 94831, 94847
78448, 78432, 94831
78432, 94815, 94831
78432, 78416, 94815
78416, 94799, 94815
78416, 78400, 94799
78400, 94783, 94799
78400, 78384, 94783
78384, 94767, 94783
78384, 78368, 94767
78368, 94751, 94767
78368, 78352, 94751
78352, 94735, 94751
78352, 78336, 94735
78336, 94719, 94735
78336, 78320, 94719
78320, 94703, 94719
78320, 78304, 94703
78304, 94687, 94703
78304, 78288, 94687
78288, 94671, 94687
78288, 78272, 94671
78272, 94655, 94671
78272, 78256, 94655
78256, 94639, 94655
78256, 78240, 94639
78240, 94623, 94639
78240, 78224, 94623
78224, 94607, 94623
78224, 78208, 94607
78208, 94591, 94607
78208, 78192, 94591
78192, 94575, 94591
78192, 78176, 94575
78176, 94559, 94575
78176, 78160, 94559
78160, 94543, 94559
78160, 78144, 94543
78144, 94527, 94543
78144, 78128, 94527
78128, 94511, 94527
78128, 78112, 94511
78112, 94495, 94511
78112, 78096, 94495
78096, 94479, 94495
78096, 78080, 94479
78080, 94463, 94479
78080, 78064, 94463
78064, 94447, 94463
78064, 78048, 94447
78048, 94431, 94447
78048, 78032, 94431
78032, 94415, 94431
78032, 78016, 94415
78016, 94399, 94415
78016, 78000, 94399
78000, 94383, 94399
78000, 77984, 94383
77984, 94367, 94383
77984, 77968, 94367
77968, 94351, 94367
77968, 77952, 94351
77952, 94335, 94351
77952, 77936, 94335
77936, 94319, 94335
77936, 77920, 94319
77920, 94303, 94319
77920, 77904, 94303
77904, 94287, 94303
77904, 77888, 94287
77888, 94271, 94287
77888, 77872, 94271
77872, 94255, 94271
77872, 77856, 94255
77856, 94239, 94255
77856, 77840, 94239
77840, 94223, 94239
77840, 77824, 94223
77824, 94207, 94223
77824, 77808, 94207
77808, 94191, 94207
77808, 77792, 94191
77792, 94175, 94191
77792, 77776, 94175
77776, 94159, 94175
77776, 77760, 94159
77760, 94143, 94159
77760, 77744, 94143
77744, 94127, 94143
77744, 77728, 94127
77728, 94111, 94127
77728, 77712, 94111
77712, 94095, 94111
77712, 77696, 94095
77696, 94079, 94095
77696, 77680, 94079
77680, 94063, 94079
77680, 77664, 94063
77664, 94047, 94063
77664, 77648, 94047
77648, 94031, 94047
77648, 77632, 94031
77632, 94015, 94031
77632, 77616, 94015
77616, 93999, 94015
77616, 77600, 93999
77600, 93983, 93999
77600, 77584, 93983
77584, 93967, 93983
77584, 77568, 93967
77568, 93951, 93967
77568, 77552, 93951
77552, 93935, 93951
77552, 77536, 93935
77536, 93919, 93935
77536, 77520, 93919
77520, 93903, 93919
77520, 77504, 93903
77504, 93887, 93903
77504, 77488, 93887
77488, 93871, 93887
77488, 77472, 93871
77472, 93855, 93871
77472, 77456, 93855
77456, 93839, 93855
77456, 77440, 93839
77440, 93823, 93839
77440, 77424, 93823
77424, 93807, 93823
77424, 77408, 93807
77408, 93791, 93807
77408, 77392, 93791
77392, 93775, 93791
77392, 77376, 93775
77376, 93759, 93775
77376, 77360, 93759
77360, 93743, 93759
77360, 77344, 93743
77344, 93727, 93743
77344, 77328, 93727
77328, 93711, 93727
77328, 77312, 93711
77312, 93695, 93711
77312, 77296, 93695
77296, 93679, 93695
77296, 77280, 93679
77280, 93663, 93679
77280, 77264, 93663
77264, 93647, 93663
77264, 77248, 93647
77248, 93631, 93647
77248, 77232, 93631
77232, 93615, 93631
77232, 77216, 93615
77216, 93599, 93615
77216, 77200, 93599
77200, 93583, 93599
77200, 77184, 93583
77184, 93567, 93583
77184, 77168, 93567
77168, 93551, 93567
77168, 77152, 93551
77152, 93535, 93551
77152, 77136, 93535
77136, 93519, 93535
77136, 77120, 93519
77120, 93503, 93519
77120, 77104, 93503
77104, 93487, 93503
77104, 77088, 93487
77088, 93471, 93487
77088, 77072, 93471
77072, 93455, 93471
77072, 77056, 93455
77056, 93439, 93455
77056, 77040, 93439
77040, 93423, 93439
77040, 77024, 93423
77024, 93407, 93423
77024, 77008, 93407
77008, 93391, 93407
77008, 76992, 93391
76992, 93375, 93391
76992, 76976, 93375
76976, 93359, 93375
76976, 76960, 93359
76960, 93343, 93359
76960, 76944, 93343
76944, 93327, 93343
76944, 76928, 93327
76928, 93311, 93327
76928, 76912, 93311
76912, 93295, 93311
76912, 76896, 93295
76896, 93279, 93295
76896, 76880, 93279
76880, 93263, 93279
76880, 76864, 93263
76864, 93247, 93263
76864, 76848, 93247
76848, 93231, 93247
76848, 76832, 93231
13407, 13391, 84869
13391, 13375, 84869
13375, 13359, 84869
13359, 13343, 84869
13343, 13327, 84869
13327, 84885, 84869
13327, 13311, 84885
13311, 84901, 84885
13311, 13295, 84901
13295, 84917, 84901
13295, 13279, 84917
13279, 84933, 84917
13279, 13263, 84933
13263, 84949, 84933
13263, 13247, 84949
13247, 84965, 84949
13247, 13231, 84965
13231, 84981, 84965
13231, 13215, 84981
13215, 84997, 84981
13215, 13199, 84997
13199, 85013, 84997
13199, 13183, 85013
13183, 85029, 85013
13183, 13167, 85029
13167, 85045, 85029
13167, 13151, 85045
13151, 85061, 85045
13151, 13135, 85061
13135, 85077, 85061
13135, 13119, 85077
13119, 85093, 85077
13119, 13103, 85093
13103, 85109, 85093
13103, 13087, 85109
13087, 85125, 85109
13087, 13071, 85125
13071, 85141, 85125
13071, 13055, 85141
13055, 85157, 85141
13055, 13039, 85157
13039, 85173, 85157
13039, 13023, 85173
13023, 85189, 85173
13023, 13007, 85189
13007, 85205, 85189
13007, 12991, 85205
12991, 85221, 85205
12991, 12975, 85221
12975, 85237, 85221
12975, 12959, 85237
12959, 85253, 85237
12959, 12943, 85253
12943, 85269, 85253
12943, 12927, 85269
12927, 85285, 85269
12927, 12911, 85285
12911, 85301, 85285
12911, 12895, 85301
12895, 85317, 85301
12895, 12879, 85317
12879, 85333, 85317
12879, 12863, 85333
12863, 85349, 85333
12863, 12847, 85349
12847, 85365, 85349
12847, 12831, 85365
12831, 85381, 85365
12831, 12815, 85381
12815, 85397, 85381
12815, 12799, 85397
12799, 85413, 85397
12799, 12783, 85413
12783, 85429, 85413
12783, 12767, 85429
12767, 85445, 85429
12767, 12751, 85445
12751, 85461, 85445
12751, 12735, 85461
12735, 85477, 85461
12735, 12719, 85477
12719, 85493, 85477
12719, 12703, 85493
12703, 85509, 85493
12703, 12687, 85509
12687, 85525, 85509
12687, 12671, 85525
12671, 85541, 85525
12671, 12655, 85541
12655, 85557, 85541
12655, 12639, 85557
12639, 85573, 85557
12639, 12623, 85573
12623, 85589, 85573
12623, 12607, 85589
12607, 85605, 85589
12607, 12591, 85605
12591, 85621, 85605
12591, 12575, 85621
12575, 85637, 85621
12575, 12559, 85637
12559, 85653, 85637
12559, 12543, 85653
12543, 85669, 85653
12543, 12527, 85669
12527, 85685, 85669
12527, 12511, 85685
12511, 85701, 85685
12511, 12495, 85701
12495, 85717, 85701
12495, 12479, 85717
12479, 85733, 85717
12479, 12463, 85733
12463, 85749, 85733
12463, 12447, 85749
12447, 85765, 85749
12447, 12431, 85765
12431, 85781, 85765
12431, 12415, 85781
12415, 85797, 85781
12415, 12399, 85797
12399, 85813, 85797
12399, 12383, 85813
12383, 85829, 85813
12383, 12367, 85829
12367, 85845, 85829
12367, 12351, 85845
12351, 85861, 85845
12351, 12335, 85861
12335, 85877, 85861
12335, 12319, 85877
12319, 85893, 85877
12319, 12303, 85893
12303, 85909, 85893
12303, 12287, 85909
12287, 85925, 85909
12287, 12271, 85925
12271, 85941, 85925
12271, 12255, 85941
12255, 85957, 85941
12255, 12239, 85957
12239, 85973, 85957
12239, 12223, 85973
12223, 85989, 85973
12223, 12207, 85989
12207, 86005, 85989
12207, 12191, 86005
12191, 86021, 86005
12191, 12175, 86021
12175, 86037, 86021
12175, 12159, 86037
12159, 86053, 86037
12159, 12143, 86053
12143, 86069, 86053
12143, 12127, 86069
12127, 86085, 86069
12127, 12111, 86085
12111, 86101, 86085
12111, 12095, 86101
12095, 86117, 86101
12095, 12079, 86117
12079, 86133, 86117
12079, 12063, 86133
12063, 86149, 86133
12063, 12047, 86149
12047, 86165, 86149
12047, 12031, 86165
12031, 86181, 86165
12031, 12015, 86181
12015, 86197, 86181
12015, 11999, 86197
11999, 86213, 86197
11999, 11983, 86213
11983, 86229, 86213
11983, 11967, 86229
11967, 86245, 86229
11967, 11951, 86245
11951, 86261, 86245
11951, 11935, 86261
11935, 86277, 86261
11935, 11919, 86277
11919, 86293, 86277
11919, 11903, 86293
11903, 86309, 86293
11903, 11887, 86309
11887, 86325, 86309
11887, 11871, 86325
11871, 86341, 86325
11871, 11855, 86341
11855, 86357, 86341
11855, 11839, 86357
11839, 86373, 86357
11839, 11823, 86373
11823, 86389, 86373
11823, 11807, 86389
11807, 86405, 86389
11807, 11791, 86405
11791, 86421, 86405
11791, 11775, 86421
11775, 86437, 86421
11775, 11759, 86437
11759, 86453, 86437
11759, 11743, 86453
11743, 86469, 86453
11743, 11727, 86469
11727, 86485, 86469
11727, 11711, 86485
11711, 86501, 86485
11711, 11695, 86501
11695, 86517, 86501
11695, 11679, 86517
11679, 86533, 86517
11679, 11663, 86533
11663, 86549, 86533
11663, 11647, 86549
11647, 86565, 86549
11647, 11631, 86565
11631, 86581, 86565
11631, 11615, 86581
11615, 86597, 86581
11615, 11599, 86597
11599, 86613, 86597
11599, 11583, 86613
11583, 86629, 86613
11583, 11567, 86629
11567, 86645, 86629
11567, 11551, 86645
11551, 86661, 86645
11551, 11535, 86661
11535, 86677, 86661
11535, 11519, 86677
11519, 86693, 86677
11519, 11503, 86693
11503, 86709, 86693
11503, 11487, 86709
11487, 86725, 86709
11487, 11471, 86725
11471, 86741, 86725
11471, 11455, 86741
11455, 86757, 86741
11455, 11439, 86757
11439, 86773, 86757
11439, 11423, 86773
11423, 86789, 86773
11423, 11407, 86789
11407, 86805, 86789
11407, 11391, 86805
11391, 86821, 86805
11391, 11375, 86821
11375, 86837, 86821
11375, 11359, 86837
11359, 86853, 86837
11359, 11343, 86853
11343, 86869, 86853
11343, 11327, 86869
11327, 86885, 86869
11327, 11311, 86885
11311, 86901, 86885
11311, 11295, 86901
11295, 86917, 86901
11295, 11279, 86917
11279, 86933, 86917
11279, 11263, 86933
11263, 86949, 86933
11263, 11247, 86949
11247, 86965, 86949
11247, 11231, 86965
11231, 86981, 86965
11231, 11215, 86981
11215, 86997, 86981
11215, 11199, 86997
11199, 87013, 86997
11199, 11183, 87013
11183, 87029, 87013
11183, 11167, 87029
11167, 87045, 87029
11167, 11151, 87045
11151, 87061, 87045
11151, 11135, 87061
11135, 87077, 87061
11135, 11119, 87077
3392, 3408, 94809
3408, 3424, 94809
3424, 94793, 94809
3424, 3440, 94793
3440, 94777, 94793
3440, 3456, 94777
3456, 94761, 94777
3456, 3472, 94761
3472, 94745, 94761
3472, 3488, 94745
3488, 94729, 94745
3488, 3504, 94729
3504, 94713, 94729
3504, 3520, 94713
3520, 94697, 94713
3520, 3536, 94697
3536, 94681, 94697
3536, 3552, 94681
3552, 94665, 94681
3552, 3568, 94665
3568, 94649, 94665
3568, 3584, 94649
3584, 94633, 94649
3584, 3600, 94633
3600, 94617, 94633
3600, 3616, 94617
3616, 94601, 94617
3616, 3632, 94601
3632, 94585, 94601
3632, 3648, 94585
3648, 94569, 94585
3648, 3664, 94569
3664, 94553, 94569
3664, 3680, 94553
3680, 94537, 94553
3680, 3696, 94537
3696, 94521, 94537
3696, 3712, 94521
3712, 94505, 94521
3712, 3728, 94505
3728, 94489, 94505
3728, 3744, 94489
3744, 94473, 94489
3744, 3760, 94473
3760, 94457, 94473
3760, 3776, 94457
3776, 94441, 94457
3776, 3792, 94441
3792, 94425, 94441
3792, 3808, 94425
3808, 94409, 94425
3808, 3824, 94409
3824, 94393, 94409
3824, 3840, 94393
3840, 94377, 94393
3840, 3856, 94377
3856, 94361, 94377
3856, 3872, 94361
3872, 94345, 94361
3872, 3888, 94345
3888, 94329, 94345
3888, 3904, 94329
3904, 94313, 94329
3904, 3920, 94313
3920, 94297, 94313
3920, 3936, 94297
3936, 94281, 94297
3936, 3952, 94281
3952, 94265, 94281
3952, 3968, 94265
3968, 94249, 94265
3968, 3984, 94249
3984, 94233, 94249
3984, 4000, 94233
4000, 94217, 94233
4000, 4016, 94217
4016, 94201, 94217
4016, 4032, 94201
4032, 94185, 94201
4032, 4048, 94185
4048, 94169, 94185
4048, 4064, 94169
4064, 94153, 94169
4064, 4080, 94153
4080, 94137, 94153
4080, 4096, 94137
4096, 94121, 94137
4096, 4112, 94121
4112, 94105, 94121
4112, 4128, 94105
4128, 94089, 94105
4128, 4144, 94089
4144, 94073, 94089
4144, 4160, 94073
4160, 94057, 94073
4160, 4176, 94057
4176, 94041, 94057
4176, 4192, 94041
4192, 94025, 94041
4192, 4208, 94025
4208, 94009, 94025
4208, 4224, 94009
4224, 93993, 94009
4224, 4240, 93993
4240, 93977, 93993
4240, 4256, 93977
4256, 93961, 93977
4256, 4272, 93961
4272, 93945, 93961
4272, 4288, 93945
4288, 93929, 93945
4288, 4304, 93929
4304, 93913, 93929
4304, 4320, 93913
4320, 93897, 93913
4320, 4336, 93897
4336, 93881, 93897
4336, 4352, 93881
4352, 93865, 93881
4352, 4368, 93865
4368, 93849, 93865
4368, 4384, 93849
4384, 93833, 93849
4384, 4400, 93833
4400, 93817, 93833
4400, 4416, 93817
4416, 93801, 93817
4416, 4432, 93801
4432, 93785, 93801
4432, 4448, 93785
4448, 93769, 93785
4448, 4464, 93769
4464, 93753, 93769
4464, 4480, 93753
4480, 93737, 93753
4480, 4496, 93737
4496, 93721, 93737
4496, 4512, 93721
4512, 93705, 93721
4512, 4528, 93705
4528, 93689, 93705
4528, 4544, 93689
4544, 93673, 93689
4544, 4560, 93673
4560, 93657, 93673
4560, 4576, 93657
4576, 93641, 93657
4576, 4592, 93641
4592, 93625, 93641
4592, 4608, 93625
4608, 93609, 93625
4608, 4624, 93609
4624, 93593, 93609
4624, 4640, 93593
4640, 93577, 93593
4640, 4656, 93577
4656, 93561, 93577
4656, 4672, 93561
4672, 93545, 93561
4672, 4688, 93545
4688, 93529, 93545
4688, 4704, 93529
